index,t,date,date_text2,caseso,deathso,casesr,deathsr,drp,dop,nrp,nop
-42,2020-03-01,,2020-03-01,,,,,.055528991,.002721424,8.9050951,90.372765
-41,2020-03-02,,2020-03-02,,,,,.076716729,.0046556699,11.045528,106.63565
-40,2020-03-03,,2020-03-03,,,,,.10517822,.0078283483,13.643157,125.44378
-39,2020-03-04,,2020-03-04,,,,,.143122,.012944979,16.782591,147.13025
-38,2020-03-05,,2020-03-05,,,,,.19333436,.021062467,20.56144,172.06174
-37,2020-03-06,,2020-03-06,,,,,.25930402,.033738006,25.091843,200.64105
-36,2020-03-07,,2020-03-07,,,,,.34536693,.053229265,30.502083,233.30882
-35,2020-03-08,,2020-03-08,,,,,.45687291,.082758784,36.938297,270.54593
-34,2020-03-09,,2020-03-09,,,,,.60037625,.12685715,44.566345,312.87534
-33,2020-03-10,,2020-03-10,,,,,.78385121,.19180113,53.573654,360.86401
-32,2020-03-11,,2020-03-11,,,,,1.0169339,.28616369,64.171249,415.12521
-31,2020-03-12,,2020-03-12,,,,,1.3111914,.42149332,76.595779,476.32007
-30,2020-03-13,,2020-03-13,,,,,1.6804191,.61313957,91.111717,545.15894
-29,2020-03-14,,2020-03-14,,,,,2.1409645,.88124019,108.01334,622.40375
-28,2020-03-15,,2020-03-15,,,,,2.7120805,1.2518833,127.62714,708.86823
-27,2020-03-16,,2020-03-16,,,,,3.416301,1.7584535,150.3139,805.42072
-26,2020-03-17,,2020-03-17,,,,,4.2798476,2.4431663,176.47095,912.98334
-25,2020-03-18,,2020-03-18,,,,,5.3330479,3.3587902,206.53415,1032.5339
-24,2020-03-19,,2020-03-19,,,,,6.6107831,4.5705457,240.98036,1165.1061
-23,2020-03-20,,2020-03-20,,,,,8.1529484,6.1581669,280.32925,1311.7904
-22,2020-03-21,,2020-03-21,,,,,10.00491,8.2181015,325.14532,1473.7327
-21,2020-03-22,,2020-03-22,,,,,12.217996,10.865807,376.03967,1652.1361
-20,2020-03-23,,2020-03-23,,,,,14.849956,14.238113,433.672,1848.2581
-19,2020-03-24,,2020-03-24,,,,,17.965431,18.495596,498.75183,2063.4111
-18,2020-03-25,,2020-03-25,,,,,21.636419,23.824896,572.04022,2298.9629
-17,2020-03-26,,2020-03-26,,,,,25.94269,30.440926,654.35016,2556.3296
-16,2020-03-27,,2020-03-27,,,,,30.972198,38.588932,746.54907,2836.981
-15,2020-03-28,,2020-03-28,,,,,36.821449,48.546234,849.55798,3142.4355
-14,2020-03-29,,2020-03-29,,,,,43.595848,60.623749,964.35223,3474.2549
-13,2020-03-30,,2020-03-30,,,,,51.409939,75.167099,1091.9625,3834.0447
-12,2020-03-31,,2020-03-31,,,,,60.387661,92.557106,1233.4735,4223.4546
-11,2020-04-01,,2020-04-01,,,,,70.662468,113.2103,1390.0247,4644.1699
-10,2020-04-02,,2020-04-02,,,,,82.377441,137.578,1562.8087,5097.9043
-9,2020-04-03,,2020-04-03,,,,,95.685303,166.14607,1753.0709,5586.4082
-8,2020-04-04,,2020-04-04,,,,,110.74836,199.43271,1962.1072,6111.4619
-7,2020-04-05,,2020-04-05,,,,,127.7383,237.98668,2191.2612,6674.8486
-6,2020-04-06,,2020-04-06,,,,,146.83601,282.38449,2441.926,7278.3965
-5,2020-04-07,,2020-04-07,,,,,168.23125,333.22705,2715.5369,7923.9258
-4,2020-04-08,,2020-04-08,,,,,192.12209,391.13614,3013.575,8613.2676
-3,2020-04-09,,2020-04-09,,,,,218.71472,456.74945,3337.5564,9348.2666
-2,2020-04-10,,2020-04-10,,,,,248.22264,530.71655,3689.0325,10130.759
-1,2020-04-11,,2020-04-11,,,,,280.86594,613.69318,4069.5896,10962.573
0,2020-04-12,2020-04-12,2020-04-12,11696,727,4661,296,316.87073,706.336,4480.8369,11845.536
1,2020-04-13,2020-04-13,2020-04-13,12566,828,5014,332,356.4682,809.29706,4924.415,12781.43
2,2020-04-14,2020-04-14,2020-04-14,13638,941,5399,406,399.8938,923.21863,5401.9736,13772.05
3,2020-04-15,2020-04-15,2020-04-15,14657,1058,5847,449,447.38638,1048.726,5915.1899,14819.141
4,2020-04-16,2020-04-16,2020-04-16,15850,1165,6297,486,499.18674,1186.4224,6465.7349,15924.429
5,2020-04-17,2020-04-17,2020-04-17,17014,1308,6875,546,555.53705,1336.8853,7055.3047,17089.584
6,2020-04-18,2020-04-18,2020-04-18,18355,1445,7497,650,616.67944,1500.6569,7685.5688,18316.254
7,2020-04-19,2020-04-19,2020-04-19,19765,1627,8261,686,682.85547,1678.2439,8358.2227,19606.033
8,2020-04-20,2020-04-20,2020-04-20,21024,1838,8772,712,754.30426,1870.1089,9074.9199,20960.453
9,2020-04-21,2020-04-21,2020-04-21,23098,2055,9501,857,831.26178,2076.6675,9837.3164,22380.994
10,2020-04-22,2020-04-22,2020-04-22,24469,2271,10544,970,913.95905,2298.2866,10647.037,23869.086
11,2020-04-23,2020-04-23,2020-04-23,25900,2502,11633,1069,1002.6218,2535.2766,11505.706,25426.084
12,2020-04-24,2020-04-24,2020-04-24,27374,2766,12872,1221,1097.4691,2787.8936,12414.868,27053.281
13,2020-04-25,2020-04-25,2020-04-25,29125,3056,13842,1305,1198.7128,3056.3328,13376.07,28751.855
14,2020-04-26,2020-04-26,2020-04-26,30938,3365,14676,1351,1306.5547,3340.728,14390.804,30523
15,2020-04-27,2020-04-27,2020-04-27,32560,3649,15529,1434,1421.1871,3641.1545,15460.517,32367.701
16,2020-04-28,2020-04-28,2020-04-28,34546,3972,16752,1569,1542.7914,3957.6296,16586.586,34286.984
17,2020-04-29,2020-04-29,2020-04-29,36286,4357,17799,1732,1671.5385,4290.0952,17770.371,36281.715
18,2020-04-30,2020-04-30,2020-04-30,37855,4709,19224,1859,1807.5839,4638.4424,19013.115,38352.719
19,2020-05-01,2020-05-01,2020-05-01,40000,5119,20739,1972,1951.0729,5002.5024,20316.051,40500.625
20,2020-05-02,2020-05-02,2020-05-02,42994,5476,22088,2061,2102.1338,5382.0474,21680.283,42726.141
21,2020-05-03,2020-05-03,2020-05-03,45097,5843,23471,2154,2260.8821,5776.7871,23106.906,45029.734
22,2020-05-04,2020-05-04,2020-05-04,47085,6303,24905,2270,2427.4165,6186.3799,24596.893,47411.844
23,2020-05-05,2020-05-05,2020-05-05,49601,6753,26025,2507,2601.8225,6610.4419,26151.164,49872.758
24,2020-05-06,2020-05-06,2020-05-06,52157,7168,27634,2704,2784.1658,7048.5327,27770.523,52412.801
25,2020-05-07,2020-05-07,2020-05-07,54445,7575,29616,2961,2974.499,7500.1621,29455.701,55031.965
26,2020-05-08,2020-05-08,2020-05-08,56954,8016,31522,3160,3172.8533,7964.8076,31207.373,57730.398
27,2020-05-09,2020-05-09,2020-05-09,59872,8434,33460,3353,3379.2534,8441.9121,33026.09,60507.977
28,2020-05-10,2020-05-10,2020-05-10,62467,8889,35022,3465,3593.6921,8930.8701,34912.289,63364.602
29,2020-05-11,2020-05-11,2020-05-11,65971,9350,36327,3573,3816.1592,9431.0527,36866.395,66299.922
30,2020-05-12,2020-05-12,2020-05-12,69189,9837,38324,3926,4046.6167,9941.8252,38888.609,69313.617
31,2020-05-13,2020-05-13,2020-05-13,72110,10331,40186,4220,4285.021,10462.495,40979.207,72405.234
32,2020-05-14,2020-05-14,2020-05-14,74952,10879,42595,4477,4531.3086,10992.378,43138.191,75574.266
33,2020-05-15,2020-05-15,2020-05-15,77830,11436,45032,4767,4785.3901,11530.762,45365.602,78820.023
34,2020-05-16,2020-05-16,2020-05-16,82062,11970,47144,5045,5047.1733,12076.934,47661.363,82141.867
35,2020-05-17,2020-05-17,2020-05-17,85202,12554,49219,5177,5316.5503,12630.172,50025.191,85538.828
36,2020-05-18,2020-05-18,2020-05-18,88262,13146,51633,5332,5593.3862,13189.733,52456.859,89010.117
37,2020-05-19,2020-05-19,2020-05-19,92674,13726,54346,5666,5877.5483,13754.907,54955.969,92554.734
38,2020-05-20,2020-05-20,2020-05-20,96092,14295,56594,6090,6168.8823,14324.969,57522.055,96171.602
39,2020-05-21,2020-05-21,2020-05-21,100790,14869,59567,6510,6467.2212,14899.177,60154.531,99859.492
40,2020-05-22,2020-05-22,2020-05-22,104007,15426,62527,6989,6772.3818,15476.832,62852.73,103617.34
41,2020-05-23,2020-05-23,2020-05-23,108036,15964,65856,7179,7084.1816,16057.225,65615.922,107443.73
42,2020-05-24,2020-05-24,2020-05-24,111742,16570,68620,7394,7402.4121,16639.693,68443.328,111337.38
43,2020-05-25,2020-05-25,2020-05-25,115228,17198,71104,7633,7726.8789,17223.537,71333.977,115296.79
44,2020-05-26,2020-05-26,2020-05-26,120468,17813,74560,8134,8057.3418,17808.102,74286.953,119320.51
45,2020-05-27,2020-05-27,2020-05-27,124312,18409,78023,8597,8393.5928,18392.764,77301.109,123407.07
46,2020-05-28,2020-05-28,2020-05-28,127992,19035,81400,9044,8735.3838,18976.902,80375.375,127554.63
47,2020-05-29,2020-05-29,2020-05-29,132184,19612,84627,9415,9082.4697,19559.904,83508.57,131761.75
48,2020-05-30,2020-05-30,2020-05-30,136398,20222,87512,9779,9434.624,20141.232,86699.305,136026.67
49,2020-05-31,2020-05-31,2020-05-31,140463,20852,90664,9930,9791.5752,20720.287,89946.391,140347.56
50,2020-06-01,,2020-06-01,,,,,10153.063,21296.604,93248.359,144722.59
51,2020-06-02,,2020-06-02,,,,,10518.842,21869.629,96603.727,149150.22
52,2020-06-03,,2020-06-03,,,,,10888.637,22438.91,100011.13,153628.14
53,2020-06-04,,2020-06-04,,,,,11262.191,23004.006,103468.83,158154.81
54,2020-06-05,,2020-06-05,,,,,11639.222,23564.471,106975.35,162728.09
55,2020-06-06,,2020-06-06,,,,,12019.473,24119.904,110529.12,167346.14
56,2020-06-07,,2020-06-07,,,,,12402.667,24669.953,114128.31,172006.8
57,2020-06-08,,2020-06-08,,,,,12788.55,25214.266,117771.24,176708.42
58,2020-06-09,,2020-06-09,,,,,13176.834,25752.506,121456.17,181448.56
59,2020-06-10,,2020-06-10,,,,,13567.278,26284.381,125181.41,186225.59
60,2020-06-11,,2020-06-11,,,,,13959.596,26809.594,128945.13,191037.3
61,2020-06-12,,2020-06-12,,,,,14353.536,27327.939,132745.53,195881.58
62,2020-06-13,,2020-06-13,,,,,14748.842,27839.15,136580.69,200756.39
63,2020-06-14,,2020-06-14,,,,,15145.254,28343.025,140448.78,205659.92
64,2020-06-15,,2020-06-15,,,,,15542.52,28839.375,144347.95,210589.83
65,2020-06-16,,2020-06-16,,,,,15940.413,29328.051,148276.58,215544.34
66,2020-06-17,,2020-06-17,,,,,16338.673,29808.885,152232.41,220521.41
67,2020-06-18,,2020-06-18,,,,,16737.063,30281.771,156213.75,225518.95
68,2020-06-19,,2020-06-19,,,,,17135.359,30746.586,160218.83,230534.77
69,2020-06-20,,2020-06-20,,,,,17533.334,31203.266,164245.59,235567.3
70,2020-06-21,,2020-06-21,,,,,17930.785,31651.723,168292.48,240614.22
71,2020-06-22,,2020-06-22,,,,,18327.471,32091.871,172357.2,245673.67
72,2020-06-23,,2020-06-23,,,,,18723.201,32523.713,176438.31,250744.06
73,2020-06-24,,2020-06-24,,,,,19117.771,32947.191,180533.92,255822.97
74,2020-06-25,,2020-06-25,,,,,19510.98,33362.309,184641.98,260908.92
75,2020-06-26,,2020-06-26,,,,,19902.67,33769.066,188761.05,265999.84
76,2020-06-27,,2020-06-27,,,,,20292.621,34167.449,192889.22,271093.91
77,2020-06-28,,2020-06-28,,,,,20680.686,34557.516,197024.61,276189.63
78,2020-06-29,,2020-06-29,,,,,21066.686,34939.27,201165.75,281284.81
79,2020-06-30,,2020-06-30,,,,,21450.457,35312.777,205310.72,286378.09
80,2020-07-01,,2020-07-01,,,,,21831.869,35678.059,209458.16,291467.44
81,2020-07-02,,2020-07-02,,,,,22210.762,36035.195,213606.06,296551.59
82,2020-07-03,,2020-07-03,,,,,22586.988,36384.281,217753.22,301628.66
83,2020-07-04,,2020-07-04,,,,,22960.434,36725.328,221897.72,306697.28
84,2020-07-05,,2020-07-05,,,,,23330.951,37058.469,226038.3,311755.59
85,2020-07-06,,2020-07-06,,,,,23698.451,37383.762,230173.38,316802.47
86,2020-07-07,,2020-07-07,,,,,24062.787,37701.336,234301.42,321836.19
87,2020-07-08,,2020-07-08,,,,,24423.873,38011.238,238420.94,326855.13
88,2020-07-09,,2020-07-09,,,,,24781.605,38313.637,242530.77,331858.31
89,2020-07-10,,2020-07-10,,,,,25135.9,38608.574,246629.33,336844.28
90,2020-07-11,,2020-07-11,,,,,25486.68,38896.211,250715.61,341811.56
91,2020-07-12,,2020-07-12,,,,,25833.826,39176.613,254787.94,346758.84
92,2020-07-13,,2020-07-13,,,,,26177.289,39449.965,258845.44,351685.16
93,2020-07-14,,2020-07-14,,,,,26517.021,39716.324,262886.56,356589.28
94,2020-07-15,,2020-07-15,,,,,26852.914,39975.828,266910.56,361469.72
95,2020-07-16,,2020-07-16,,,,,27184.922,40228.586,270916.09,366325.78
96,2020-07-17,,2020-07-17,,,,,27513.029,40474.754,274901.72,371156.09
97,2020-07-18,,2020-07-18,,,,,27837.158,40714.434,278867,375959.75
98,2020-07-19,,2020-07-19,,,,,28157.264,40947.758,282810.72,380735.88
99,2020-07-20,,2020-07-20,,,,,28473.311,41174.879,286732,385483.31
100,2020-07-21,,2020-07-21,,,,,28785.271,41395.879,290629.47,390201.38
101,2020-07-22,,2020-07-22,,,,,29093.104,41610.883,294502.66,394889.06
102,2020-07-23,,2020-07-23,,,,,29396.824,41820.059,298350.94,399545.41
103,2020-07-24,,2020-07-24,,,,,29696.381,42023.516,302172.81,404169.94
104,2020-07-25,,2020-07-25,,,,,29991.779,42221.359,305968.09,408761.44
105,2020-07-26,,2020-07-26,,,,,30282.984,42413.742,309735.69,413319.56
106,2020-07-27,,2020-07-27,,,,,30569.988,42600.742,313475.22,417843.63
107,2020-07-28,,2020-07-28,,,,,30852.799,42782.531,317185.5,422333
108,2020-07-29,,2020-07-29,,,,,31131.424,42959.234,320866.53,426786.38
109,2020-07-30,,2020-07-30,,,,,31405.857,43130.949,324517.56,431204.44
110,2020-07-31,,2020-07-31,,,,,31676.092,43297.777,328137.53,435585.56
111,2020-08-01,,2020-08-01,,,,,31942.164,43459.863,331726.69,439929.38
112,2020-08-02,,2020-08-02,,,,,32204.082,43617.313,335283.78,444236.03
113,2020-08-03,,2020-08-03,,,,,32461.83,43770.238,338808.91,448504.41
114,2020-08-04,,2020-08-04,,,,,32715.465,43918.762,342301.53,452734.78
115,2020-08-05,,2020-08-05,,,,,32964.98,44062.996,345760.94,456926.16
116,2020-08-06,,2020-08-06,,,,,33210.383,44203.023,349187.34,461078.53
117,2020-08-07,,2020-08-07,,,,,33451.738,44338.973,352579.78,465191
118,2020-08-08,,2020-08-08,,,,,33689.035,44470.969,355938.28,469264.03
119,2020-08-09,,2020-08-09,,,,,33922.352,44599.109,359262.69,473296.91
120,2020-08-10,,2020-08-10,,,,,34151.652,44723.434,362552.41,477289.78
121,2020-08-11,,2020-08-11,,,,,34377.023,44844.129,365807.38,481242
122,2020-08-12,,2020-08-12,,,,,34598.438,44961.25,369027.5,485153.81
123,2020-08-13,,2020-08-13,,,,,34816,45074.895,372212.41,489024.22
124,2020-08-14,,2020-08-14,,,,,35029.719,45185.117,375362.16,492854.03
125,2020-08-15,,2020-08-15,,,,,35239.605,45292.109,378476.5,496642.81
126,2020-08-16,,2020-08-16,,,,,35445.746,45395.895,381555.16,500390.53
127,2020-08-17,,2020-08-17,,,,,35648.129,45496.531,384598.34,504096.84
128,2020-08-18,,2020-08-18,,,,,35846.816,45594.176,387605.94,507761.84
129,2020-08-19,,2020-08-19,,,,,36041.863,45688.891,390578.16,511385.69
130,2020-08-20,,2020-08-20,,,,,36233.309,45780.703,393514.25,514968.09
131,2020-08-21,,2020-08-21,,,,,36421.184,45869.766,396414.97,518508.84
132,2020-08-22,,2020-08-22,,,,,36605.531,45956.113,399279.94,522008.75
133,2020-08-23,,2020-08-23,,,,,36786.391,46039.855,402109.22,525467.63
134,2020-08-24,,2020-08-24,,,,,36963.805,46121.066,404902.97,528884.81
135,2020-08-25,,2020-08-25,,,,,37137.863,46199.777,407661.28,532261.31
136,2020-08-26,,2020-08-26,,,,,37308.574,46276.109,410384,535597
137,2020-08-27,,2020-08-27,,,,,37475.965,46350.09,413071.69,538891.44
138,2020-08-28,,2020-08-28,,,,,37640.117,46421.797,415723.88,542145.13
139,2020-08-29,,2020-08-29,,,,,37801.063,46491.313,418341.22,545358.69
140,2020-08-30,,2020-08-30,,,,,37958.855,46558.707,420923.66,548531.56
141,2020-08-31,,2020-08-31,,,,,38113.527,46624.027,423471.16,551664.06
142,2020-09-01,,2020-09-01,,,,,38265.109,46687.297,425984.09,554756.75
143,2020-09-02,,2020-09-02,,,,,38413.703,46748.648,428462.88,557809.31
144,2020-09-03,,2020-09-03,,,,,38559.305,46808.07,430907.22,560822.5
145,2020-09-04,,2020-09-04,,,,,38701.992,46865.691,433317.56,563796.06
146,2020-09-05,,2020-09-05,,,,,38841.797,46921.5,435694.41,566730.75
147,2020-09-06,,2020-09-06,,,,,38978.797,46975.59,438037.53,569625.94
148,2020-09-07,,2020-09-07,,,,,39112.961,47027.988,440347.03,572482.88
149,2020-09-08,,2020-09-08,,,,,39244.406,47078.785,442623.56,575300.94
150,2020-09-09,,2020-09-09,,,,,39373.141,47127.973,444867.31,578081.06
151,2020-09-10,,2020-09-10,,,,,39499.246,47175.641,447078.5,580823.13
152,2020-09-11,,2020-09-11,,,,,39622.73,47221.82,449257.41,583527.5
153,2020-09-12,,2020-09-12,,,,,39743.68,47266.563,451404.31,586194.75
154,2020-09-13,,2020-09-13,,,,,39862.074,47309.902,453519.09,588824.75
155,2020-09-14,,2020-09-14,,,,,39978,47351.879,455602.5,591418.06
156,2020-09-15,,2020-09-15,,,,,40091.512,47392.539,457654.91,593975.19
157,2020-09-16,,2020-09-16,,,,,40202.656,47431.969,459676.22,596495.63
158,2020-09-17,,2020-09-17,,,,,40311.422,47470.117,461666.81,598980.44
159,2020-09-18,,2020-09-18,,,,,40417.898,47507.07,463627.13,601429.75
160,2020-09-19,,2020-09-19,,,,,40522.145,47542.875,465557.13,603844.13
161,2020-09-20,,2020-09-20,,,,,40624.141,47577.574,467457.72,606223.69
162,2020-09-21,,2020-09-21,,,,,40723.984,47611.117,469328.47,608568.56
163,2020-09-22,,2020-09-22,,,,,40821.664,47643.684,471170.31,610878.75
164,2020-09-23,,2020-09-23,,,,,40917.27,47675.184,472983.75,613155.63
165,2020-09-24,,2020-09-24,,,,,41010.836,47705.656,474768.41,615398.75
166,2020-09-25,,2020-09-25,,,,,41102.34,47735.234,476524.78,617608.81
167,2020-09-26,,2020-09-26,,,,,41191.926,47763.832,478253.47,619786.06
168,2020-09-27,,2020-09-27,,,,,41279.543,47791.535,479954.53,621931.19
169,2020-09-28,,2020-09-28,,,,,41365.254,47818.391,481628.13,624043.94
170,2020-09-29,,2020-09-29,,,,,41449.09,47844.344,483275.28,626125
171,2020-09-30,,2020-09-30,,,,,41531.113,47869.539,484895.25,628174.06
172,2020-10-01,,2020-10-01,,,,,41611.316,47893.875,486489.56,630192.56
173,2020-10-02,,2020-10-02,,,,,41689.805,47917.496,488057.91,632180.19
174,2020-10-03,,2020-10-03,,,,,41766.57,47940.352,489600.5,634137.81
175,2020-10-04,,2020-10-04,,,,,41841.641,47962.484,491117.56,636065.06
176,2020-10-05,,2020-10-05,,,,,41915.047,47983.895,492610.16,637962.94
177,2020-10-06,,2020-10-06,,,,,41986.82,48004.629,494078.09,639831.06
178,2020-10-07,,2020-10-07,,,,,42057.035,48024.73,495521.56,641670.38
179,2020-10-08,,2020-10-08,,,,,42125.676,48044.156,496940.81,643481.19
180,2020-10-09,,2020-10-09,,,,,42192.82,48062.988,498336.56,645263.94
181,2020-10-10,,2020-10-10,,,,,42258.461,48081.234,499709.06,647018.88
182,2020-10-11,,2020-10-11,,,,,42322.625,48098.895,501058.59,648745.81
183,2020-10-12,,2020-10-12,,,,,42385.355,48115.961,502385.44,650445.75
184,2020-10-13,,2020-10-13,,,,,42446.719,48132.527,503689.81,652119
185,2020-10-14,,2020-10-14,,,,,42506.672,48148.504,504972.06,653765.44
186,2020-10-15,,2020-10-15,,,,,42565.332,48164.027,506232.5,655386
187,2020-10-16,,2020-10-16,,,,,42622.645,48179.051,507471.38,656980.5
188,2020-10-17,,2020-10-17,,,,,42678.656,48193.57,508689.53,658549.94
189,2020-10-18,,2020-10-18,,,,,42733.434,48207.637,509886.28,660093.63
190,2020-10-19,,2020-10-19,,,,,42786.977,48221.293,511062.94,661613.13
191,2020-10-20,,2020-10-20,,,,,42839.281,48234.492,512218.84,663107.69
192,2020-10-21,,2020-10-21,,,,,42890.461,48247.238,513355.38,664578.31
193,2020-10-22,,2020-10-22,,,,,42940.434,48259.617,514471.81,666024.94
194,2020-10-23,,2020-10-23,,,,,42989.273,48271.586,515569.09,667448.63
195,2020-10-24,,2020-10-24,,,,,43037.063,48283.141,516647.5,668848.56
196,2020-10-25,,2020-10-25,,,,,43083.715,48294.379,517706.94,670225.81
197,2020-10-26,,2020-10-26,,,,,43129.348,48305.246,518747.75,671581
198,2020-10-27,,2020-10-27,,,,,43173.914,48315.754,519770.34,672913.81
199,2020-10-28,,2020-10-28,,,,,43217.457,48325.938,520775.09,674224.25
200,2020-10-29,,2020-10-29,,,,,43260.012,48335.754,521762.38,675514.06
201,2020-10-30,,2020-10-30,,,,,43301.617,48345.297,522732.09,676781.75
202,2020-10-31,,2020-10-31,,,,,43342.273,48354.52,523684.63,678028.56
203,2020-11-01,,2020-11-01,,,,,43381.973,48363.465,524620.38,679255.06
204,2020-11-02,,2020-11-02,,,,,43420.797,48372.137,525539.25,680461
205,2020-11-03,,2020-11-03,,,,,43458.703,48380.488,526442.19,681647.63
206,2020-11-04,,2020-11-04,,,,,43495.77,48388.609,527329.06,682813.56
207,2020-11-05,,2020-11-05,,,,,43531.957,48396.457,528200.31,683960.63
208,2020-11-06,,2020-11-06,,,,,43567.34,48404.023,529055.31,685088
209,2020-11-07,,2020-11-07,,,,,43601.883,48411.41,529895.56,686197
210,2020-11-08,,2020-11-08,,,,,43635.66,48418.523,530720.94,687287.44
211,2020-11-09,,2020-11-09,,,,,43668.633,48425.402,531531.38,688359.31
212,2020-11-10,,2020-11-10,,,,,43700.875,48432.055,532326.75,689413.06
213,2020-11-11,,2020-11-11,,,,,43732.355,48438.52,533108.13,690449.38
214,2020-11-12,,2020-11-12,,,,,43763.102,48444.758,533875.88,691467.44
215,2020-11-13,,2020-11-13,,,,,43793.164,48450.809,534628.94,692469.19
216,2020-11-14,,2020-11-14,,,,,43822.531,48456.68,535369.25,693453.88
217,2020-11-15,,2020-11-15,,,,,43851.211,48462.316,536095.25,694421.44
218,2020-11-16,,2020-11-16,,,,,43879.199,48467.816,536808.94,695372.38
219,2020-11-17,,2020-11-17,,,,,43906.574,48473.133,537509.25,696307.44
220,2020-11-18,,2020-11-18,,,,,43933.297,48478.266,538196.56,697227.06
221,2020-11-19,,2020-11-19,,,,,43959.406,48483.258,538871.94,698130.63
222,2020-11-20,,2020-11-20,,,,,43984.945,48488.066,539534.75,699018.69
223,2020-11-21,,2020-11-21,,,,,44009.828,48492.738,540185.5,699891.19
224,2020-11-22,,2020-11-22,,,,,44034.176,48497.223,540824.19,700749.44
225,2020-11-23,,2020-11-23,,,,,44057.953,48501.57,541451.19,701592.63
226,2020-11-24,,2020-11-24,,,,,44081.195,48505.828,542066.56,702421.44
227,2020-11-25,,2020-11-25,,,,,44103.859,48509.898,542671.19,703235.81
228,2020-11-26,,2020-11-26,,,,,44125.988,48513.875,543264.13,704036.38
229,2020-11-27,,2020-11-27,,,,,44147.625,48517.715,543846.75,704823.06
230,2020-11-28,,2020-11-28,,,,,44168.766,48521.418,544418.13,705595.81
231,2020-11-29,,2020-11-29,,,,,44189.41,48524.98,544979.13,706355.94
232,2020-11-30,,2020-11-30,,,,,44209.559,48528.5,545529.81,707102.69
233,2020-12-01,,2020-12-01,,,,,44229.25,48531.832,546070.63,707836.13
234,2020-12-02,,2020-12-02,,,,,44248.488,48535.117,546601,708557.44
235,2020-12-03,,2020-12-03,,,,,44267.273,48538.266,547121.5,709265.25
236,2020-12-04,,2020-12-04,,,,,44285.641,48541.32,547632.56,709961.63
237,2020-12-05,,2020-12-05,,,,,44303.551,48544.238,548134.19,710645.81
238,2020-12-06,,2020-12-06,,,,,44321.047,48547.105,548626.31,711317.75
239,2020-12-07,,2020-12-07,,,,,44338.125,48549.883,549109.44,711978.06
240,2020-12-08,,2020-12-08,,,,,44354.832,48552.57,549583.56,712627.5
241,2020-12-09,,2020-12-09,,,,,44371.121,48555.164,550049.19,713264.56
242,2020-12-10,,2020-12-10,,,,,44387.035,48557.664,550505.75,713891.38
243,2020-12-11,,2020-12-11,,,,,44402.57,48560.07,550953.75,714507.06
244,2020-12-12,,2020-12-12,,,,,44417.734,48562.434,551393.69,715111.75
245,2020-12-13,,2020-12-13,,,,,44432.563,48564.703,551825.06,715705.31
246,2020-12-14,,2020-12-14,,,,,44447.059,48566.879,552248.88,716289.13
247,2020-12-15,,2020-12-15,,,,,44461.176,48569.012,552664.06,716862.5
248,2020-12-16,,2020-12-16,,,,,44475,48571.094,553072.13,717426.06
249,2020-12-17,,2020-12-17,,,,,44488.488,48573.086,553472.06,717979.75
250,2020-12-18,,2020-12-18,,,,,44501.645,48575.031,553864.94,718523.63
251,2020-12-19,,2020-12-19,,,,,44514.504,48576.887,554250.13,719057.63
252,2020-12-20,,2020-12-20,,,,,44527.074,48578.691,554628.19,719582.44
253,2020-12-21,,2020-12-21,,,,,44539.305,48580.453,554999.13,720098
254,2020-12-22,,2020-12-22,,,,,44551.285,48582.168,555362.81,720604.31
255,2020-12-23,,2020-12-23,,,,,44562.969,48583.789,555719.94,721102
256,2020-12-24,,2020-12-24,,,,,44574.402,48585.363,556070.38,721590.44
257,2020-12-25,,2020-12-25,,,,,44585.543,48586.895,556414.13,722070.25
258,2020-12-26,,2020-12-26,,,,,44596.43,48588.422,556751.69,722542.13
259,2020-12-27,,2020-12-27,,,,,44607.063,48589.859,557082.56,723005.31
260,2020-12-28,,2020-12-28,,,,,44617.441,48591.25,557407.25,723460.5
261,2020-12-29,,2020-12-29,,,,,44627.57,48592.594,557725.81,723907.06
262,2020-12-30,,2020-12-30,,,,,44637.445,48593.891,558038.63,724346.25
263,2020-12-31,,2020-12-31,,,,,44647.109,48595.141,558345.25,724777.44
264,2021-01-01,,2021-01-01,,,,,44656.563,48596.395,558646.19,725200.56
265,2021-01-02,,2021-01-02,,,,,44665.766,48597.551,558940.88,725617.06
266,2021-01-03,,2021-01-03,,,,,44674.797,48598.711,559230.38,726025.44
267,2021-01-04,,2021-01-04,,,,,44683.574,48599.824,559514.75,726427.13
268,2021-01-05,,2021-01-05,,,,,44692.141,48600.887,559793.31,726820.75
269,2021-01-06,,2021-01-06,,,,,44700.535,48601.91,560066.75,727208.31
270,2021-01-07,,2021-01-07,,,,,44708.68,48602.93,560334.94,727588.5
271,2021-01-08,,2021-01-08,,,,,44716.695,48603.902,560597.94,727961.88
272,2021-01-09,,2021-01-09,,,,,44724.457,48604.828,560856.19,728328.5
273,2021-01-10,,2021-01-10,,,,,44732.094,48605.754,561109.25,728689.13
274,2021-01-11,,2021-01-11,,,,,44739.516,48606.637,561357.56,729042.94
275,2021-01-12,,2021-01-12,,,,,44746.77,48607.473,561601.75,729390.63
276,2021-01-13,,2021-01-13,,,,,44753.855,48608.305,561840.69,729731.56
277,2021-01-14,,2021-01-14,,,,,44760.77,48609.141,562074.88,730067.06
278,2021-01-15,,2021-01-15,,,,,44767.559,48609.883,562304.88,730396.44
279,2021-01-16,,2021-01-16,,,,,44774.133,48610.621,562530.69,730719.75
280,2021-01-17,,2021-01-17,,,,,44780.582,48611.363,562752.31,731036.88
281,2021-01-18,,2021-01-18,,,,,44786.859,48612.059,562969.19,731348.56
282,2021-01-19,,2021-01-19,,,,,44793.012,48612.754,563182.38,731654.81
283,2021-01-20,,2021-01-20,,,,,44798.992,48613.406,563390.81,731955.63
284,2021-01-21,,2021-01-21,,,,,44804.844,48614.055,563596.06,732251
285,2021-01-22,,2021-01-22,,,,,44810.57,48614.656,563797.13,732541.56
286,2021-01-23,,2021-01-23,,,,,44816.168,48615.258,563993.94,732825.94
287,2021-01-24,,2021-01-24,,,,,44821.598,48615.816,564187.63,733105.5
288,2021-01-25,,2021-01-25,,,,,44826.941,48616.371,564377.06,733380.31
289,2021-01-26,,2021-01-26,,,,,44832.113,48616.93,564563.31,733650.38
290,2021-01-27,,2021-01-27,,,,,44837.203,48617.438,564745.88,733914.88
291,2021-01-28,,2021-01-28,,,,,44842.164,48617.949,564924.69,734175.31
292,2021-01-29,,2021-01-29,,,,,44846.996,48618.457,565100.38,734430.88
293,2021-01-30,,2021-01-30,,,,,44851.699,48618.922,565272.81,734681.69
294,2021-01-31,,2021-01-31,,,,,44856.32,48619.387,565441.56,734927.69
295,2021-02-01,,2021-02-01,,,,,44860.813,48619.848,565607.19,735170.19
296,2021-02-02,,2021-02-02,,,,,44865.219,48620.266,565770.06,735407.25
297,2021-02-03,,2021-02-03,,,,,44869.5,48620.684,565929.25,735640.81
298,2021-02-04,,2021-02-04,,,,,44873.691,48621.055,566085.81,735869.56
299,2021-02-05,,2021-02-05,,,,,44877.758,48621.473,566239.19,736094.88
300,2021-02-06,,2021-02-06,,,,,44881.738,48621.844,566389.31,736315.31
301,2021-02-07,,2021-02-07,,,,,44885.633,48622.215,566536.81,736532.31
302,2021-02-08,,2021-02-08,,,,,44889.441,48622.586,566681.63,736745.19
303,2021-02-09,,2021-02-09,,,,,44893.168,48622.91,566823.19,736954.63
304,2021-02-10,,2021-02-10,,,,,44896.809,48623.234,566962.69,737159.88
305,2021-02-11,,2021-02-11,,,,,44900.32,48623.559,567098.94,737361.63
306,2021-02-12,,2021-02-12,,,,,44903.785,48623.883,567233.13,737559.25
307,2021-02-13,,2021-02-13,,,,,44907.172,48624.16,567364.56,737754.13
308,2021-02-14,,2021-02-14,,,,,44910.469,48624.441,567493.38,737944.81
309,2021-02-15,,2021-02-15,,,,,44913.68,48624.719,567619.5,738132.06
310,2021-02-16,,2021-02-16,,,,,44916.809,48624.996,567743.44,738316.5
311,2021-02-17,,2021-02-17,,,,,44919.891,48625.273,567864.75,738496.75
312,2021-02-18,,2021-02-18,,,,,44922.891,48625.508,567983.94,738674.25
313,2021-02-19,,2021-02-19,,,,,44925.805,48625.785,568100.94,738848.31
314,2021-02-20,,2021-02-20,,,,,44928.676,48626.016,568215.25,739019.56
315,2021-02-21,,2021-02-21,,,,,44931.461,48626.25,568328,739188
316,2021-02-22,,2021-02-22,,,,,44934.16,48626.48,568438,739352.25
317,2021-02-23,,2021-02-23,,,,,44936.816,48626.664,568546.44,739514.44
318,2021-02-24,,2021-02-24,,,,,44939.43,48626.898,568652.19,739673.88
319,2021-02-25,,2021-02-25,,,,,44941.961,48627.082,568756.31,739829.81
320,2021-02-26,,2021-02-26,,,,,44944.402,48627.316,568858.31,739982.88
321,2021-02-27,,2021-02-27,,,,,44946.844,48627.5,568958.13,740133.25
322,2021-02-28,,2021-02-28,,,,,44949.203,48627.688,569056.38,740281.5
323,2021-03-01,,2021-03-01,,,,,44951.477,48627.824,569152.44,740426.19
324,2021-03-02,,2021-03-02,,,,,44953.746,48628.012,569246.88,740568.88
325,2021-03-03,,2021-03-03,,,,,44955.934,48628.195,569339.19,740708.75
326,2021-03-04,,2021-03-04,,,,,44958.078,48628.336,569430.38,740845.75
327,2021-03-05,,2021-03-05,,,,,44960.137,48628.52,569518.94,740980.75
328,2021-03-06,,2021-03-06,,,,,44962.195,48628.66,569606.38,741112.88
329,2021-03-07,,2021-03-07,,,,,44964.164,48628.801,569692.19,741242.94
330,2021-03-08,,2021-03-08,,,,,44966.137,48628.938,569775.88,741370.94
331,2021-03-09,,2021-03-09,,,,,44968.027,48629.078,569858.5,741496.06
332,2021-03-10,,2021-03-10,,,,,44969.871,48629.215,569938.94,741619.13
333,2021-03-11,,2021-03-11,,,,,44971.672,48629.355,570018.25,741740.06
334,2021-03-12,,2021-03-12,,,,,44973.473,48629.449,570096,741858.19
335,2021-03-13,,2021-03-13,,,,,44975.188,48629.586,570172.13,741974.94
336,2021-03-14,,2021-03-14,,,,,44976.859,48629.68,570246.63,742089.63
337,2021-03-15,,2021-03-15,,,,,44978.492,48629.82,570320.06,742201.44
338,2021-03-16,,2021-03-16,,,,,44980.121,48629.91,570391.88,742311.88
339,2021-03-17,,2021-03-17,,,,,44981.664,48630.004,570462,742420.19
340,2021-03-18,,2021-03-18,,,,,44983.211,48630.145,570531.13,742526.38
341,2021-03-19,,2021-03-19,,,,,44984.711,48630.238,570598.63,742630.5
342,2021-03-20,,2021-03-20,,,,,44986.168,48630.328,570665,742732.5
343,2021-03-21,,2021-03-21,,,,,44987.586,48630.422,570730.31,742833.06
344,2021-03-22,,2021-03-22,,,,,44988.957,48630.516,570794,742932.25
345,2021-03-23,,2021-03-23,,,,,44990.332,48630.609,570857.13,743028.63
346,2021-03-24,,2021-03-24,,,,,44991.66,48630.652,570918.13,743124.31
347,2021-03-25,,2021-03-25,,,,,44992.949,48630.746,570978.56,743217.13
348,2021-03-26,,2021-03-26,,,,,44994.191,48630.84,571037.38,743309.25
349,2021-03-27,,2021-03-27,,,,,44995.438,48630.934,571095.63,743399.31
350,2021-03-28,,2021-03-28,,,,,44996.641,48630.98,571152.31,743487.25
351,2021-03-29,,2021-03-29,,,,,44997.797,48631.07,571207.88,743574.44
352,2021-03-30,,2021-03-30,,,,,44998.957,48631.117,571262.88,743659.56
353,2021-03-31,,2021-03-31,,,,,45000.07,48631.211,571316.25,743743.25
354,2021-04-01,,2021-04-01,,,,,45001.188,48631.258,571368.56,743825.5
355,2021-04-02,,2021-04-02,,,,,45002.219,48631.305,571420.31,743905.69
356,2021-04-03,,2021-04-03,,,,,45003.289,48631.395,571471,743985.13
357,2021-04-04,,2021-04-04,,,,,45004.277,48631.441,571520.06,744062.5
358,2021-04-05,,2021-04-05,,,,,45005.309,48631.488,571569.13,744139.13
359,2021-04-06,,2021-04-06,,,,,45006.254,48631.535,571616.56,744213.63
360,2021-04-07,,2021-04-07,,,,,45007.195,48631.582,571663.44,744287.44
361,2021-04-08,,2021-04-08,,,,,45008.141,48631.676,571709.25,744359.88
362,2021-04-09,,2021-04-09,,,,,45009.043,48631.723,571753.94,744430.88
363,2021-04-10,,2021-04-10,,,,,45009.902,48631.766,571798.13,744500.44
364,2021-04-11,,2021-04-11,,,,,45010.758,48631.813,571841.19,744568.63
365,2021-04-12,,2021-04-12,,,,,45011.617,48631.859,571883.75,744635.38
366,2021-04-13,,2021-04-13,,,,,45012.434,48631.906,571925.19,744701.38
367,2021-04-14,,2021-04-14,,,,,45013.207,48631.953,571966.06,744766
368,2021-04-15,,2021-04-15,,,,,45014.023,48631.953,572005.94,744829.25
369,2021-04-16,,2021-04-16,,,,,45014.75,48632,572045.19,744891.75
370,2021-04-17,,2021-04-17,,,,,45015.523,48632.047,572083.38,744952.88
371,2021-04-18,,2021-04-18,,,,,45016.254,48632.094,572121,745013.25
372,2021-04-19,,2021-04-19,,,,,45016.941,48632.137,572158.13,745071.5
373,2021-04-20,,2021-04-20,,,,,45017.629,48632.137,572194.13,745129.75
374,2021-04-21,,2021-04-21,,,,,45018.316,48632.184,572229.63,745186.63
375,2021-04-22,,2021-04-22,,,,,45018.957,48632.23,572264.56,745242.06
376,2021-04-23,,2021-04-23,,,,,45019.602,48632.23,572298.94,745296.75
377,2021-04-24,,2021-04-24,,,,,45020.246,48632.277,572332.19,745350.81
378,2021-04-25,,2021-04-25,,,,,45020.848,48632.324,572364.94,745403.38
379,2021-04-26,,2021-04-26,,,,,45021.449,48632.324,572397.19,745455.31
380,2021-04-27,,2021-04-27,,,,,45022.051,48632.371,572428.81,745506.5
381,2021-04-28,,2021-04-28,,,,,45022.609,48632.418,572459.94,745556.25
382,2021-04-29,,2021-04-29,,,,,45023.168,48632.418,572490,745605.31
383,2021-04-30,,2021-04-30,,,,,45023.723,48632.461,572520,745652.94
384,2021-05-01,,2021-05-01,,,,,45024.238,48632.461,572548.94,745700.63
385,2021-05-02,,2021-05-02,,,,,45024.754,48632.508,572577.88,745746.81
386,2021-05-03,,2021-05-03,,,,,45025.27,48632.508,572605.75,745792.38
387,2021-05-04,,2021-05-04,,,,,45025.785,48632.555,572633.56,745837.19
388,2021-05-05,,2021-05-05,,,,,45026.258,48632.555,572660.38,745881.25
389,2021-05-06,,2021-05-06,,,,,45026.73,48632.602,572687.13,745923.94
390,2021-05-07,,2021-05-07,,,,,45027.203,48632.602,572712.75,745966.63
391,2021-05-08,,2021-05-08,,,,,45027.633,48632.602,572738.44,746007.88
392,2021-05-09,,2021-05-09,,,,,45028.063,48632.648,572763.56,746048.44
393,2021-05-10,,2021-05-10,,,,,45028.492,48632.648,572787.63,746089
394,2021-05-11,,2021-05-11,,,,,45028.922,48632.695,572811.63,746128.13
395,2021-05-12,,2021-05-12,,,,,45029.309,48632.695,572835.13,746166.56
396,2021-05-13,,2021-05-13,,,,,45029.734,48632.695,572858.63,746204.25
397,2021-05-14,,2021-05-14,,,,,45030.121,48632.742,572881,746241.31
398,2021-05-15,,2021-05-15,,,,,45030.508,48632.742,572903.44,746278.31
399,2021-05-16,,2021-05-16,,,,,45030.852,48632.742,572925.31,746313.88
400,2021-05-17,,2021-05-17,,,,,45031.238,48632.789,572946.56,746348.75
401,2021-05-18,,2021-05-18,,,,,45031.582,48632.789,572967.38,746383.63
402,2021-05-19,,2021-05-19,,,,,45031.926,48632.789,572987.56,746417.06
403,2021-05-20,,2021-05-20,,,,,45032.27,48632.789,573007.81,746450.56
404,2021-05-21,,2021-05-21,,,,,45032.57,48632.832,573027.44,746483.31
405,2021-05-22,,2021-05-22,,,,,45032.914,48632.832,573047.13,746515.31
406,2021-05-23,,2021-05-23,,,,,45033.215,48632.832,573065.75,746546.63
407,2021-05-24,,2021-05-24,,,,,45033.516,48632.879,573084.88,746578
408,2021-05-25,,2021-05-25,,,,,45033.816,48632.879,573102.88,746607.88
409,2021-05-26,,2021-05-26,,,,,45034.117,48632.879,573120.94,746637.81
410,2021-05-27,,2021-05-27,,,,,45034.418,48632.879,573138.44,746667
411,2021-05-28,,2021-05-28,,,,,45034.676,48632.879,573155.38,746695.44
412,2021-05-29,,2021-05-29,,,,,45034.934,48632.926,573172.31,746723.94
413,2021-05-30,,2021-05-30,,,,,45035.234,48632.926,573188.69,746751.75
414,2021-05-31,,2021-05-31,,,,,45035.492,48632.926,573205.13,746778.81
415,2021-06-01,,2021-06-01,,,,,45035.75,48632.926,573220.94,746805.13
416,2021-06-02,,2021-06-02,,,,,45035.965,48632.926,573236.81,746831.5
417,2021-06-03,,2021-06-03,,,,,45036.223,48632.973,573252.13,746857.13
418,2021-06-04,,2021-06-04,,,,,45036.438,48632.973,573266.88,746882.75
419,2021-06-05,,2021-06-05,,,,,45036.695,48632.973,573281.63,746907
420,2021-06-06,,2021-06-06,,,,,45036.91,48632.973,573295.88,746931.19
421,2021-06-07,,2021-06-07,,,,,45037.125,48632.973,573310.06,746955.44
422,2021-06-08,,2021-06-08,,,,,45037.336,48632.973,573323.75,746978.94
423,2021-06-09,,2021-06-09,,,,,45037.551,48633.02,573337.38,747001.75
424,2021-06-10,,2021-06-10,,,,,45037.723,48633.02,573351.06,747024.5
425,2021-06-11,,2021-06-11,,,,,45037.938,48633.02,573364.19,747046.63
426,2021-06-12,,2021-06-12,,,,,45038.152,48633.02,573376.75,747068
427,2021-06-13,,2021-06-13,,,,,45038.324,48633.02,573389.38,747089.38
428,2021-06-14,,2021-06-14,,,,,45038.496,48633.02,573401.94,747110.75
429,2021-06-15,,2021-06-15,,,,,45038.711,48633.02,573413.94,747131.38
430,2021-06-16,,2021-06-16,,,,,45038.883,48633.02,573425.44,747151.38
431,2021-06-17,,2021-06-17,,,,,45039.055,48633.066,573437.5,747171.31
432,2021-06-18,,2021-06-18,,,,,45039.227,48633.066,573448.44,747190.56
433,2021-06-19,,2021-06-19,,,,,45039.355,48633.066,573459.88,747209.81
434,2021-06-20,,2021-06-20,,,,,45039.527,48633.066,573470.81,747228.31
435,2021-06-21,,2021-06-21,,,,,45039.699,48633.066,573481.25,747246.81
436,2021-06-22,,2021-06-22,,,,,45039.828,48633.066,573492.19,747265.38
437,2021-06-23,,2021-06-23,,,,,45040,48633.066,573502.56,747282.5
438,2021-06-24,,2021-06-24,,,,,45040.129,48633.066,573512.38,747300.31
439,2021-06-25,,2021-06-25,,,,,45040.258,48633.066,573522.25,747317.38
440,2021-06-26,,2021-06-26,,,,,45040.43,48633.066,573532.06,747333.81
441,2021-06-27,,2021-06-27,,,,,45040.559,48633.066,573541.94,747350.88
442,2021-06-28,,2021-06-28,,,,,45040.688,48633.113,573551.25,747366.56
443,2021-06-29,,2021-06-29,,,,,45040.816,48633.113,573560,747382.94
444,2021-06-30,,2021-06-30,,,,,45040.945,48633.113,573569.31,747397.94
445,2021-07-01,,2021-07-01,,,,,45041.074,48633.113,573578.06,747413.63
446,2021-07-02,,2021-07-02,,,,,45041.16,48633.113,573586.81,747428.56
447,2021-07-03,,2021-07-03,,,,,45041.289,48633.113,573595,747443.56
448,2021-07-04,,2021-07-04,,,,,45041.418,48633.113,573603.75,747457.81
449,2021-07-05,,2021-07-05,,,,,45041.504,48633.113,573611.94,747472.06
450,2021-07-06,,2021-07-06,,,,,45041.633,48633.113,573619.63,747486.31
451,2021-07-07,,2021-07-07,,,,,45041.719,48633.113,573627.25,747499.88
452,2021-07-08,,2021-07-08,,,,,45041.848,48633.113,573635.5,747513.44
453,2021-07-09,,2021-07-09,,,,,45041.934,48633.113,573642.56,747526.25
454,2021-07-10,,2021-07-10,,,,,45042.02,48633.113,573650.25,747539.06
455,2021-07-11,,2021-07-11,,,,,45042.148,48633.113,573657.38,747551.88
456,2021-07-12,,2021-07-12,,,,,45042.234,48633.113,573664.5,747564.75
457,2021-07-13,,2021-07-13,,,,,45042.32,48633.113,573671.56,747576.88
458,2021-07-14,,2021-07-14,,,,,45042.406,48633.16,573678.13,747589
459,2021-07-15,,2021-07-15,,,,,45042.492,48633.16,573685.25,747600.38
460,2021-07-16,,2021-07-16,,,,,45042.578,48633.16,573691.81,747612.5
461,2021-07-17,,2021-07-17,,,,,45042.664,48633.16,573697.81,747623.94
462,2021-07-18,,2021-07-18,,,,,45042.75,48633.16,573704.44,747634.63
463,2021-07-19,,2021-07-19,,,,,45042.836,48633.16,573710.44,747646
464,2021-07-20,,2021-07-20,,,,,45042.922,48633.16,573716.44,747656.69
465,2021-07-21,,2021-07-21,,,,,45042.965,48633.16,573722.44,747667.44
466,2021-07-22,,2021-07-22,,,,,45043.051,48633.16,573728.5,747677.38
467,2021-07-23,,2021-07-23,,,,,45043.137,48633.16,573733.94,747687.38
468,2021-07-24,,2021-07-24,,,,,45043.18,48633.16,573740,747697.38
469,2021-07-25,,2021-07-25,,,,,45043.266,48633.16,573745.44,747707.31
470,2021-07-26,,2021-07-26,,,,,45043.352,48633.16,573750.94,747717.31
471,2021-07-27,,2021-07-27,,,,,45043.395,48633.16,573755.81,747726.56
472,2021-07-28,,2021-07-28,,,,,45043.48,48633.16,573761.31,747735.88
473,2021-07-29,,2021-07-29,,,,,45043.523,48633.16,573766.25,747745.13
474,2021-07-30,,2021-07-30,,,,,45043.566,48633.16,573771.19,747753.69
475,2021-07-31,,2021-07-31,,,,,45043.652,48633.16,573776.06,747762.94
476,2021-08-01,,2021-08-01,,,,,45043.695,48633.16,573781,747771.5
477,2021-08-02,,2021-08-02,,,,,45043.781,48633.16,573785.94,747780.06
478,2021-08-03,,2021-08-03,,,,,45043.824,48633.16,573790.31,747787.94
479,2021-08-04,,2021-08-04,,,,,45043.867,48633.16,573794.69,747796.5
480,2021-08-05,,2021-08-05,,,,,45043.91,48633.16,573799.06,747804.31
481,2021-08-06,,2021-08-06,,,,,45043.996,48633.16,573803.44,747812.19
482,2021-08-07,,2021-08-07,,,,,45044.039,48633.16,573807.81,747820
483,2021-08-08,,2021-08-08,,,,,45044.082,48633.16,573812.19,747827.88
484,2021-08-09,,2021-08-09,,,,,45044.125,48633.16,573816.06,747835
485,2021-08-10,,2021-08-10,,,,,45044.168,48633.16,573820.44,747842.13
486,2021-08-11,,2021-08-11,,,,,45044.211,48633.16,573824.25,747849.25
487,2021-08-12,,2021-08-12,,,,,45044.254,48633.16,573828.06,747856.38
488,2021-08-13,,2021-08-13,,,,,45044.297,48633.16,573831.88,747863.5
489,2021-08-14,,2021-08-14,,,,,45044.34,48633.16,573835.75,747869.94
490,2021-08-15,,2021-08-15,,,,,45044.383,48633.16,573839,747877.06
491,2021-08-16,,2021-08-16,,,,,45044.426,48633.16,573842.88,747883.5
492,2021-08-17,,2021-08-17,,,,,45044.469,48633.16,573846.13,747889.94
493,2021-08-18,,2021-08-18,,,,,45044.512,48633.16,573849.94,747896.31
494,2021-08-19,,2021-08-19,,,,,45044.555,48633.16,573853.25,747902.06
495,2021-08-20,,2021-08-20,,,,,45044.598,48633.203,573856.5,747908.44
496,2021-08-21,,2021-08-21,,,,,45044.641,48633.203,573859.81,747914.19
497,2021-08-22,,2021-08-22,,,,,45044.641,48633.203,573863.13,747919.88
498,2021-08-23,,2021-08-23,,,,,45044.684,48633.203,573865.81,747925.56
499,2021-08-24,,2021-08-24,,,,,45044.727,48633.203,573869.13,747931.25
500,2021-08-25,,2021-08-25,,,,,45044.77,48633.203,573871.88,747937
501,2021-08-26,,2021-08-26,,,,,45044.77,48633.203,573875.13,747942.69
502,2021-08-27,,2021-08-27,,,,,45044.813,48633.203,573877.88,747947.69
503,2021-08-28,,2021-08-28,,,,,45044.855,48633.203,573880.63,747953.38
504,2021-08-29,,2021-08-29,,,,,45044.898,48633.203,573883.38,747958.38
505,2021-08-30,,2021-08-30,,,,,45044.898,48633.203,573886.06,747963.38
506,2021-08-31,,2021-08-31,,,,,45044.941,48633.203,573888.81,747968.38
507,2021-09-01,,2021-09-01,,,,,45044.984,48633.203,573891.56,747973.38
508,2021-09-02,,2021-09-02,,,,,45044.984,48633.203,573894.31,747977.63
509,2021-09-03,,2021-09-03,,,,,45045.027,48633.203,573896.5,747982.63
510,2021-09-04,,2021-09-04,,,,,45045.027,48633.203,573899.25,747986.94
511,2021-09-05,,2021-09-05,,,,,45045.07,48633.203,573901.44,747991.94
512,2021-09-06,,2021-09-06,,,,,45045.07,48633.203,573903.63,747996.19
513,2021-09-07,,2021-09-07,,,,,45045.113,48633.203,573906.31,748000.44
514,2021-09-08,,2021-09-08,,,,,45045.156,48633.203,573908.5,748004.75
515,2021-09-09,,2021-09-09,,,,,45045.156,48633.203,573910.69,748009
516,2021-09-10,,2021-09-10,,,,,45045.199,48633.203,573912.88,748013.31
517,2021-09-11,,2021-09-11,,,,,45045.199,48633.203,573915.06,748016.88
518,2021-09-12,,2021-09-12,,,,,45045.242,48633.203,573917.25,748021.13
519,2021-09-13,,2021-09-13,,,,,45045.242,48633.203,573918.94,748024.75
520,2021-09-14,,2021-09-14,,,,,45045.285,48633.203,573921.13,748029
521,2021-09-15,,2021-09-15,,,,,45045.285,48633.203,573923.31,748032.56
522,2021-09-16,,2021-09-16,,,,,45045.328,48633.203,573924.94,748036.13
523,2021-09-17,,2021-09-17,,,,,45045.328,48633.203,573927.13,748039.69
524,2021-09-18,,2021-09-18,,,,,45045.328,48633.203,573928.75,748043.25
525,2021-09-19,,2021-09-19,,,,,45045.371,48633.203,573930.94,748046.81
526,2021-09-20,,2021-09-20,,,,,45045.371,48633.203,573932.63,748050.38
527,2021-09-21,,2021-09-21,,,,,45045.414,48633.203,573934.25,748053.25
528,2021-09-22,,2021-09-22,,,,,45045.414,48633.203,573935.88,748056.81
529,2021-09-23,,2021-09-23,,,,,45045.414,48633.203,573937.56,748060.38
530,2021-09-24,,2021-09-24,,,,,45045.457,48633.203,573939.19,748063.25
531,2021-09-25,,2021-09-25,,,,,45045.457,48633.203,573940.81,748066.13
532,2021-09-26,,2021-09-26,,,,,45045.457,48633.203,573942.44,748069.69
533,2021-09-27,,2021-09-27,,,,,45045.5,48633.203,573944.13,748072.5
534,2021-09-28,,2021-09-28,,,,,45045.5,48633.203,573945.75,748075.38
535,2021-09-29,,2021-09-29,,,,,45045.5,48633.203,573947.38,748078.25
536,2021-09-30,,2021-09-30,,,,,45045.543,48633.203,573948.5,748081.06
537,2021-10-01,,2021-10-01,,,,,45045.543,48633.203,573950.13,748083.94
538,2021-10-02,,2021-10-02,,,,,45045.543,48633.203,573951.75,748086.81
539,2021-10-03,,2021-10-03,,,,,45045.586,48633.203,573952.88,748089.63
540,2021-10-04,,2021-10-04,,,,,45045.586,48633.203,573954.5,748091.81
541,2021-10-05,,2021-10-05,,,,,45045.586,48633.203,573955.63,748094.63
542,2021-10-06,,2021-10-06,,,,,45045.629,48633.203,573956.69,748096.75
543,2021-10-07,,2021-10-07,,,,,45045.629,48633.203,573958.31,748099.63
544,2021-10-08,,2021-10-08,,,,,45045.629,48633.203,573959.44,748101.75
545,2021-10-09,,2021-10-09,,,,,45045.629,48633.203,573960.5,748104.63
546,2021-10-10,,2021-10-10,,,,,45045.672,48633.203,573962.19,748106.75
547,2021-10-11,,2021-10-11,,,,,45045.672,48633.203,573963.25,748108.88
548,2021-10-12,,2021-10-12,,,,,45045.672,48633.203,573964.38,748111.75
549,2021-10-13,,2021-10-13,,,,,45045.672,48633.203,573965.44,748113.88
550,2021-10-14,,2021-10-14,,,,,45045.715,48633.203,573966.56,748116.06
551,2021-10-15,,2021-10-15,,,,,45045.715,48633.203,573967.63,748118.19
552,2021-10-16,,2021-10-16,,,,,45045.715,48633.203,573968.75,748120.31
553,2021-10-17,,2021-10-17,,,,,45045.715,48633.203,573969.81,748122.44
554,2021-10-18,,2021-10-18,,,,,45045.715,48633.203,573970.94,748123.88
555,2021-10-19,,2021-10-19,,,,,45045.758,48633.203,573972,748126
556,2021-10-20,,2021-10-20,,,,,45045.758,48633.203,573973.13,748128.19
557,2021-10-21,,2021-10-21,,,,,45045.758,48633.203,573973.69,748130.31
558,2021-10-22,,2021-10-22,,,,,45045.758,48633.203,573974.75,748131.75
559,2021-10-23,,2021-10-23,,,,,45045.758,48633.203,573975.88,748133.88
560,2021-10-24,,2021-10-24,,,,,45045.801,48633.203,573976.94,748136
561,2021-10-25,,2021-10-25,,,,,45045.801,48633.203,573977.5,748137.44
562,2021-10-26,,2021-10-26,,,,,45045.801,48633.203,573978.56,748139.56
563,2021-10-27,,2021-10-27,,,,,45045.801,48633.203,573979.13,748141
564,2021-10-28,,2021-10-28,,,,,45045.801,48633.203,573980.25,748142.44
565,2021-10-29,,2021-10-29,,,,,45045.801,48633.203,573980.75,748144.56
566,2021-10-30,,2021-10-30,,,,,45045.844,48633.203,573981.88,748146
567,2021-10-31,,2021-10-31,,,,,45045.844,48633.203,573982.44,748147.44
568,2021-11-01,,2021-11-01,,,,,45045.844,48633.203,573983.5,748148.88
569,2021-11-02,,2021-11-02,,,,,45045.844,48633.203,573984.06,748151
570,2021-11-03,,2021-11-03,,,,,45045.844,48633.203,573985.13,748152.44
571,2021-11-04,,2021-11-04,,,,,45045.844,48633.203,573985.69,748153.88
572,2021-11-05,,2021-11-05,,,,,45045.844,48633.203,573986.25,748155.25
573,2021-11-06,,2021-11-06,,,,,45045.887,48633.203,573987.31,748156.69
574,2021-11-07,,2021-11-07,,,,,45045.887,48633.203,573987.88,748158.13
575,2021-11-08,,2021-11-08,,,,,45045.887,48633.203,573988.44,748159.56
576,2021-11-09,,2021-11-09,,,,,45045.887,48633.203,573989,748161
577,2021-11-10,,2021-11-10,,,,,45045.887,48633.203,573990.06,748161.69
578,2021-11-11,,2021-11-11,,,,,45045.887,48633.203,573990.63,748163.13
579,2021-11-12,,2021-11-12,,,,,45045.887,48633.203,573991.19,748164.56
580,2021-11-13,,2021-11-13,,,,,45045.887,48633.203,573991.75,748166
581,2021-11-14,,2021-11-14,,,,,45045.887,48633.203,573992.25,748167.44
582,2021-11-15,,2021-11-15,,,,,45045.93,48633.203,573992.81,748168.13
583,2021-11-16,,2021-11-16,,,,,45045.93,48633.203,573993.38,748169.56
584,2021-11-17,,2021-11-17,,,,,45045.93,48633.203,573993.94,748171
585,2021-11-18,,2021-11-18,,,,,45045.93,48633.203,573994.44,748171.69
586,2021-11-19,,2021-11-19,,,,,45045.93,48633.203,573995.56,748173.13
587,2021-11-20,,2021-11-20,,,,,45045.93,48633.203,573996.13,748173.81
588,2021-11-21,,2021-11-21,,,,,45045.93,48633.203,573996.13,748175.25
589,2021-11-22,,2021-11-22,,,,,45045.93,48633.203,573996.63,748176
590,2021-11-23,,2021-11-23,,,,,45045.93,48633.203,573997.19,748177.38
591,2021-11-24,,2021-11-24,,,,,45045.93,48633.203,573997.75,748178.13
592,2021-11-25,,2021-11-25,,,,,45045.973,48633.203,573998.31,748179.56
593,2021-11-26,,2021-11-26,,,,,45045.973,48633.203,573998.81,748180.25
594,2021-11-27,,2021-11-27,,,,,45045.973,48633.203,573999.38,748180.94
595,2021-11-28,,2021-11-28,,,,,45045.973,48633.203,573999.94,748182.38
596,2021-11-29,,2021-11-29,,,,,45045.973,48633.203,574000.5,748183.13
597,2021-11-30,,2021-11-30,,,,,45045.973,48633.203,574000.5,748183.81
598,2021-12-01,,2021-12-01,,,,,45045.973,48633.203,574001,748185.25
599,2021-12-02,,2021-12-02,,,,,45045.973,48633.203,574001.56,748185.94
600,2021-12-03,,2021-12-03,,,,,45045.973,48633.203,574002.13,748186.69
